{"cameraMode":{"drawMode":0,"name":"Shaded","section":"Shading Mode"},"sceneLighting":true,"audioPlay":false,"sceneViewState":{"showFog":true,"showMaterialUpdate":false,"showSkybox":true,"showFlares":true,"showImageEffects":true,"showParticleSystems":true},"in2DMode":false,"pivot":{"x":-3.116628408432007,"y":3.809938430786133,"z":-0.7181835174560547},"rotation":{"x":-0.020762309432029725,"y":0.9243316054344177,"z":-0.050791624933481219,"w":-0.37767380475997927},"size":3.007394790649414,"orthographic":false}