{"cameraMode":{"drawMode":0,"name":"Shaded","section":"Shading Mode"},"sceneLighting":true,"audioPlay":false,"sceneViewState":{"showFog":true,"showMaterialUpdate":false,"showSkybox":true,"showFlares":true,"showImageEffects":true,"showParticleSystems":true},"in2DMode":false,"pivot":{"x":-0.30999755859375,"y":-0.2200002670288086,"z":-2.390000104904175},"rotation":{"x":0.09204206615686417,"y":-0.9044100642204285,"z":0.24974298477172852,"w":0.33360034227371218},"size":2.6431796550750734,"orthographic":false}