{"cameraMode":{"drawMode":0,"name":"Shaded","section":"Shading Mode"},"sceneLighting":false,"audioPlay":false,"sceneViewState":{"showFog":true,"showMaterialUpdate":false,"showSkybox":false,"showFlares":true,"showImageEffects":true,"showParticleSystems":true},"in2DMode":false,"pivot":{"x":0.03729705512523651,"y":0.35260236263275149,"z":-2.8610230629055878e-8},"rotation":{"x":0.20210212469100953,"y":-0.28660523891448977,"z":0.06198544800281525,"w":0.9344424605369568},"size":0.3455139994621277,"orthographic":false}