{"cameraMode":{"drawMode":0,"name":"Shaded","section":"Shading Mode"},"sceneLighting":false,"audioPlay":false,"sceneViewState":{"showFog":true,"showMaterialUpdate":false,"showSkybox":false,"showFlares":true,"showImageEffects":true,"showParticleSystems":true},"in2DMode":false,"pivot":{"x":-0.5697197318077087,"y":0.02381041646003723,"z":0.061866819858551028},"rotation":{"x":0.42174261808395388,"y":0.14981290698051454,"z":-0.07087744772434235,"w":0.891443133354187},"size":0.2769089341163635,"orthographic":false}