{"cameraMode":{"drawMode":0,"name":"Shaded","section":"Shading Mode"},"sceneLighting":true,"audioPlay":false,"sceneViewState":{"showFog":true,"showMaterialUpdate":false,"showSkybox":true,"showFlares":true,"showImageEffects":true,"showParticleSystems":true},"in2DMode":false,"pivot":{"x":4.186100959777832,"y":-1.9568997621536255,"z":4.2801313400268559},"rotation":{"x":-0.22219836711883546,"y":-0.5035883188247681,"z":0.1357308328151703,"w":-0.8238243460655212},"size":2.4304215908050539,"orthographic":false}