{"cameraMode":{"drawMode":0,"name":"Shaded","section":"Shading Mode"},"sceneLighting":false,"audioPlay":false,"sceneViewState":{"showFog":true,"showMaterialUpdate":false,"showSkybox":false,"showFlares":true,"showImageEffects":true,"showParticleSystems":true},"in2DMode":false,"pivot":{"x":-0.30390700697898867,"y":0.005763232707977295,"z":0.5734467506408691},"rotation":{"x":0.3823837339878082,"y":-0.15547814965248109,"z":0.06544069945812226,"w":0.9084774255752564},"size":0.13986645638942719,"orthographic":false}